-- Populate Summoners table
INSERT INTO Summoners   (sid, accType, sname)
VALUES  (1, 'free', 'Johnny'), 
		(2, 'free', 'Billy'),
 	 	(3, 'free', 'Bob'),
  	 	(4, 'free', 'Dom'),
  	 	(5, 'free', 'Dan'),
  	 	(6, 'free', 'Gregory'),
  	 	(7, 'free', 'Alex'),
  	 	(8, 'free', 'Pablo'),
  	 	(9, 'free', 'Jimmy'),
  	 	(10, 'free', 'Matthew'),
  	 	(11, 'free', 'Phil'),
  	 	(12, 'free', 'Ron'),
  	 	(13, 'free', 'Harry'),
  	 	(14, 'free', 'Jamie'),
  	 	(15, 'free', 'Karl'),
  	 	(16, 'free', 'Patrick'),
  	 	(17, 'free', 'Michelle'),
  	 	(18, 'free', 'Kate'),
  	 	(19, 'free', 'Ashley'),
  	 	(20, 'free', 'Mary'),
  	 	(21, 'free', 'Bart'),
  	 	(22, 'free', 'Joe'),
  	 	(23, 'free', 'Jacob'),
  	 	(24, 'free', 'Vivian'),
  	 	(25, 'free', 'Tony'),
  	 	(26, 'free', 'Jeffrey'),
  	 	(27, 'free', 'Mark'),
  	 	(28, 'free', 'Adam'),
  	 	(29, 'free', 'Jess'),
  	 	(30, 'adv', 'Amy'),
  	 	(31, 'adv', 'Chris'),
  	 	(32, 'adv', 'Cristina'),
  	 	(33, 'adv', 'Lu'),
  	 	(34, 'adv', 'Ray'),
  	 	(35, 'adv', 'Derrick'),
  	 	(36, 'adv', 'Anthony'),
  	 	(37, 'adv', 'Richard'),
  	 	(38, 'adv', 'Kelly'),
  	 	(39, 'adv', 'Jerry'),
  	 	(40, 'adv', 'Dennis'),
  	 	(41, 'adv', 'Selena'),
  	 	(42, 'adv', 'Farrah'),
  	 	(43, 'adv', 'Taylor'),
  	 	(44, 'adv', 'Austin'),
  	 	(45, 'adv', 'Doug'),
  	 	(46, 'adv', 'Lupe'),
  	 	(47, 'adv', 'Angela'),
  	 	(48, 'admin', 'Brittany'),
  	 	(49, 'admin', 'Juan'),
  	 	(50, 'admin', 'Marco');

-- Populate Plays table
INSERT INTO Plays (sid, mid, cid, iid_1, iid_2, iid_3, iid_4, iid_5, iid_6, kills, 
					deaths, assists, level, side)
VALUES 		(10, 1, 7, 115, 80, 141, 94, 113, NULL, 15, 1, 10, 16, 1),
			(20, 1, 8, 14, 61, 89, 64, 131, 55, 6, 1, 5, 18, 1),
            (9, 1, 20, 118, 144, 123, 82, 95, NULL, 5, 2, 11, 18, 1),
            (6, 1, 4, 115, 94, 151, 55, NULL, NULL, 4, 1, 9, 17, 1),
            (1, 1, 39, 137, 75, 16, 118, 95, NULL, 1, 0, 11, 18, 1),
            (8, 1, 21, 61, 14, 31, NULL, NULL, NULL, 5, 12, 1, 15, 2),
            (15, 1, 19, 94, 115, 151, NULL, NULL, NULL, 0, 10, 0, 12, 2),
            (13, 1, 68, 96, 115, 55, NULL, NULL, NULL, 0, 3, 2, 18, 2),
            (2, 1, 110, 75, 95, 140, 121, NULL, NULL, 0, 2, 0, 18, 2),
            (4, 1, 30, 132, 20, 123, NULL, NULL, NULL, 0, 3, 3, 18, 2),
            
            (4, 2, 34, 137, 75, 63, NULL, NULL, NULL, 3, 8, 2, 13, 1),
            (2, 2, 29, 61, 62, 29, 137, NULL, NULL, 1, 6, 1, 13, 1),
            (37, 2, 87, 75, 103, 107, NULL, NULL, NULL, 1, 7, 0, 15, 1),
            (29, 2, 49, 114, 21, 136, NULL, NULL, NULL, 0, 5, 1, 12, 1),
            (48, 2, 20, 75, 144, NULL, NULL, NULL, NULL, 0, 4, 2, 13, 1),
            (44, 2, 2, 115, 69, 94, 141, NULL, NULL, 10, 3, 7, 15, 2),
            (23, 2, 90, 119, 19, 95, NULL, NULL, NULL, 1, 4, 8, 13, 2),
            (13, 2, 120, 75, 123, 118, 144, NULL, NULL, 5, 4, 8, 15, 2),
            (5, 2, 10, 105, 19, 126, 140, NULL, NULL, 0, 4, 15, 12, 2),
            (9, 2, 39, 137, 75, 95, 16, NULL, NULL, 0, 0, 10, 17, 2),
            
            (28, 3, 50, 14, 137, 55, NULL, NULL, NULL, 0, 4, 0, 12, 1),
            (48, 3, 121, 16, 62, 68, NULL, NULL, NULL, 0, 3, 0, 13, 1),
            (22, 3, 5, 96, 75, 42, NULL, NULL, NULL, 0, 2, 0, 12, 1),
            (10, 3, 10, 113, 19, 117, 140, NULL, NULL, 0, 2, 0, 10, 1),
            (3, 3, 19, 151, 115, 17, NULL, NULL, NULL, 0, 2, 0, 18, 1),
            (4, 3, 87, 103, 107, 75, 135, NULL, NULL, 4, 0, 6, 16, 2),
            (8, 3, 35, 6, 115, 94, 54, NULL, NULL, 4, 0, 5, 16, 2),
            (12, 3, 40, 78, 62, 64, 132, 55, NULL, 2, 0, 4, 15, 2),
            (27, 3, 65, 19, 113, 76, 140, NULL, NULL, 0, 0, 8, 13, 2),
            (38, 3, 47, 79, 14, 94, 90, NULL, NULL, 3, 0, 3, 15, 2),
            
            (6, 4, 29, 137, 120, 61, 14, 142, NULL, 6, 3, 8, 17, 1),
            (7, 4, 99, 14, 61, 89, 64, 139, NULL, 5, 3, 4, 16, 1),
            (12, 4, 38, 75, 119, 95, 116, NULL, NULL, 1, 4, 10, 16, 1),
            (2, 4, 28, 75, 118, 13, 135, 121, NULL, 2, 1, 8, 18, 1),
            (9, 4, 111, 87, 115, 94, 141, 17, NULL, 1, 3, 7, 17, 1),
            (36, 4, 89, 89, 61, 14, 31, NULL, NULL, 7, 2, 6, 16, 2),
            (49, 4, 92, 19, 113, 144, 140, NULL, NULL, 0, 5, 6, 14, 2),
            (28, 4, 101, 16, 14, 120, 31, NULL, NULL, 2, 2, 4, 16, 2),
            (15, 4, 73, 119, 19, 95, NULL, NULL, NULL, 0, 3, 3, 14, 2),
            (6, 4, 66, 60, 75, 46, NULL, NULL, NULL, 5, 3, 5, 17, 2),

			(39, 5, 76, 96, 19, 24, 55, NULL, NULL, 1, 0, 6, 17, 1),
            (21, 5, 3, 115, 57, 66, 151, 4, NULL, 7, 1, 2, 18, 1),
            (8, 5, 20, 75, 144, 118, 95, 104, NULL, 0, 0, 9, 18, 1),
            (7, 5, 70, 96, 75, 95, 48, NULL, NULL, 1, 1, 8, 16, 1),
            (10, 5, 50, 14, 16, 137, 64, 31, NULL, 1, 0, 7, 18, 1),
            (21, 5, 25, 115, 119, NULL, NULL, NULL ,NULL, 1, 5, 0, 14, 2),
            (19, 5, 16, 115, 103, 32, NULL, NULL, NULL, 0, 2, 2, 14, 2),
            (13, 5, 90, 137, 33, 75, NULL, NULL, NULL, 0, 1, 0, 13, 2),
            (30, 5, 39, 31, 88, 112, 20, NULL, NULL, 1, 1, 1, 13, 2),
            (25, 5, 21, 31, 10, 20, 55, NULL, NULL, 1, 1, 0, 13, 2),
            
            (5, 6, 45, 103, 115, 151, 94, 32, 17, 12, 1, 15, 18, 1),
            (8, 6, 70, 96, 75, 95, 102, 49, NULL, 0, 1, 18, 18, 1),
            (40, 6, 92, 126, 144, 19, 76, 140, NULL, 1, 1, 26, 18, 1),
            (39, 6, 17, 115, 31, 137, 61, 16, NULL, 15, 1, 16, 18, 1),
            (23, 6, 48, 62, 105, 151, 107, 117, 140, 1, 1, 27, 18, 1),
            (11, 6, 104, 96, 19, 137, 55, 121, NULL, 3, 10, 0, 16, 2),
            (30, 6, 88, 75, 95, 144, NULL, NULL, NULL, 0, 8, 1, 17, 2),
            (18, 6, 22, 32, 115, 54, 151, NULL, NULL, 0, 7, 1, 16, 2),
            (4, 6, 39, 82, 16, 88, 148, NULL, NULL, 2, 2, 3, 18, 2),
            (2, 6, 78, 75, 98, 48, 81, 55, NULL, 0, 3, 2, 18, 2),
            
            (23, 7, 13, 19, 39, 95, 76, 105, 67, 1, 6, 20, 18, 1),
            (48, 7, 8, 14, 61, 89, 131, 64, 52, 14, 8, 10, 18, 1),
            (47, 7, 44, 115, 111, 151, 94, 141, 103, 10, 5, 20, 18, 1),
            (50, 7, 93, 75, 103, 151, 118, 94, 141, 9, 3, 12, 18, 1),
            (20, 7, 108, 115, 111, 94, 69, 151, 141, 6, 5, 15, 18, 1),
            (1, 7, 32, 96, 118, 144, 95, 135, 13, 5, 10, 20, 18, 2),
            (34, 7, 12, 115, 151, 94, 141, 69, 107, 12, 8, 12, 18, 2),
            (15, 7, 88, 95, 144, 75, 123, 13, 52, 4, 6, 25, 18, 2),
            (11, 7, 72, 115, 151, 141, 94, 69, 107, 5, 8, 15, 18, 2),
            (29, 7, 66, 75, 46, 118, 95, 137, 52, 3, 2, 26, 18, 2),
            
            (23, 8, 29, 14, 61, 137, 64, 81, NULL, 5, 5, 12, 16, 1),
            (5, 8, 55, 14, 61, 120, 90, 139, 55, 8, 7, 10, 18, 1),
            (4, 8, 104, 19, 137, 95, 96, NULL, NULL, 2, 5, 3, 17, 1),
            (37, 8, 91, 62, 76, 113, 44, 140, NULL, 0, 2, 10, 16, 1),
            (15, 8, 30, 82, 123, 95, 52, 132, NULL, 0, 1, 12, 18, 1),
            (12, 8, 69, 14, 114, 16, 95, 136, NULL, 10, 3, 4, 18, 2),
            (10, 8, 83, 96, 75, 95, 144, 54, NULL, 5, 5, 15, 18, 2),
            (33, 8, 82, 115, 103, 46, 111, 145, 140, 2, 1, 16, 18, 2),
            (30, 8, 122, 115, 94, 151, 141, 8, NULL, 0, 5, 12, 18, 2),
            (22, 8, 105, 78, 62, 129, 46, 64, 52, 3, 1, 16, 18, 2),
            
            (22, 9, 39, 75, 137, 16, 95, 118, 52, 12, 8, 8, 18, 1),
            (1, 9, 88, 75, 144, 95, 46, 13, 123, 7, 10, 15, 18, 1),
            (15, 9, 79, 19, 98, 147, 64, 61, 129, 15, 5, 5, 18, 1),
            (18, 9, 25, 115, 151, 94, 141, 107, 69, 5, 4, 10, 18, 1),
            (32, 9, 100, 75, 135, 46, 95, 13, 144, 1, 4, 28, 18, 1),
            (20, 9, 89, 14, 61, 89, 64, 131, 52, 8, 12, 15, 18, 2),
            (19, 9, 73, 82, 64, 95, 144, 129, 52, 5, 8, 12, 18, 2),
            (6, 9, 53, 19, 39, 95, 76, 67, 144, 2, 10, 20, 18, 2),
            (14, 9, 95, 62, 98, 64, 61, 129, 52, 15, 5, 12, 18, 2),
            (38, 9, 108, 115, 94, 111, 141, 151, 69, 1, 5, 25, 18, 2),
            
            (2, 10, 24, 71, 62, 137, 90, NULL, NULL, 8, 0, 3, 12, 1),
            (6, 10, 97, 65, 115, 80, 55, NULL, NULL, 3, 0, 2, 13, 1),
            (19, 10, 74, 137, 21, 57, NULL, NULL, NULL, 7, 0, 4, 12, 1),
            (16, 10, 103, 61, 14, 148, 30, NULL, NULL, 2, 0, 10, 13, 1),
            (27, 10, 70, 127, 113, 19, 140, NULL, NULL, 0, 0, 15, 11, 1),
            (15, 10, 83, 96, 75, 121, 55, NULL, NULL, 0, 3, 0, 9, 2),
            (8, 10, 93, 23, 20, 17, 55, NULL, NULL, 0, 5, 0, 10, 2),
            (11, 10, 53, 101, 20, 55, NULL, NULL, NULL, 0, 4, 0, 8, 2),
            (38, 10, 21, 31, 10, 55, 70, NULL, NULL, 0, 4, 0, 9, 2),
            (42, 10, 1, 16, 31, NULL, NULL, NULL, NULL, 0, 4, 0, 10, 2),
            
-- Populate Matches table
INSERT INTO	Matches	(mid, barons_1, barons_2, totalgold_1, totalgold_2, 
					 turrets_1, turrets_2, time, win, totalkills_1, totalkills_2,   
					 totaldeaths_1, totaldeaths_2, finalscore)
VALUES	(1, 1, 0, 56000, 42000, 10, 2, '46:50', 1, 30, 5, 5, 30,'30-5'),
		(2, 1, 0, 53465, 36000, 4, 9, '26:50', 2, 15, 20, 20, 15, '15-20'),
        (3, 0, 0, 23567, 46421, 0, 6, '30:15', 2, 0, 13, 13, 0,'0-13'),
        (4, 1, 0, 45900, 42000, 8, 7, '39:36', 1, 15, 14, 14, 15, '15-14'),
        (5, 0, 0, 23587, 62303, 6, 6, '42:05', 2, 2, 10, 10, 2,'2-10'),
        (6, 1, 0, 56000, 42000, 10, 2, '46:50', 1, 30, 5, 5, 30,'30-5'),
        (7, 2, 0, 90482, 82747, 10, 9, '54:20', 1, 34, 29, 29, 34,'34-29'),
        (8, 0, 0, 54579, 60342, 5, 6, '34:49', 2, 15, 20, 20, 15,'15-20'),
        (9, 1, 1, 89200, 85002, 10, 9, '60:32', 1, 40, 31, 31, 40, '40-31'),
        (10, 0, 0, 30493, 10003, 2, 1, '20:15', 1, 20, 0, 0, 20, '20-0'),
        (11, 0, 2, 48939, 82779, 3, 9, '32:05', 2, 10, 23, 23, 11, '10-23'),
        (12, 0, 0, 43204, 40923, 8, 8, '52:05', 1, 14, 10, 10, 14,'14-10'),
        (13, 0, 1, 29348, 60239, 2, 6, '30:43', 2, 3, 20, 20, 3, '3-20'),
        (14, 0, 0, 20009, 19383, 1, 1, '22:10', 1, 3, 1, 1, 3, '3-1'),
        (15, 0, 0, 39857, 50982, 2, 8, '45:04', 2, 8, 30, 30, 8, '8-30'),
        (16, 1, 1, 90238, 89238, 10, 8, '73:34', 1, 32, 30, 30, 32, '32-30'),
        (17, 0, 0, 30985, 35020, 0, 6, '42:45', 2, 15, 21, 21, 15, '15-21'),
        (18, 0, 0, 29045, 26092, 7, 5, '29:39', 1, 8, 5, 5, 8, '8-5'),
        (19, 0, 0, 42028, 35918, 9, 7, '40:29', 1, 11, 2, 2, 11, '11-2'),
        (20, 1, 1, 73432, 79238, 10, 11, '59:28', 2, 20, 25, 25, 20, '20-25')
        /*(21, 0, 2, 48939, 82779, 3, 9, '32:05', 2, 10, 23, 23, 11, '10-23'),
        (22, 0, 2, 48939, 82779, 3, 9, '32:05', 2, 10, 23, 23, 11, '10-23'),
        (23, 0, 2, 48939, 82779, 3, 9, '32:05', 2, 10, 23, 23, 11, '10-23'),
        (24, 0, 2, 48939, 82779, 3, 9, '32:05', 2, 10, 23, 23, 11, '10-23'),
        (25, 0, 2, 48939, 82779, 3, 9, '32:05', 2, 10, 23, 23, 11, '10-23'),
        (26, 0, 2, 48939, 82779, 3, 9, '32:05', 2, 10, 23, 23, 11, '10-23'),
        (27, 0, 2, 48939, 82779, 3, 9, '32:05', 2, 10, 23, 23, 11, '10-23'),
        (28, 0, 2, 48939, 82779, 3, 9, '32:05', 2, 10, 23, 23, 11, '10-23'),
        (29, 0, 2, 48939, 82779, 3, 9, '32:05', 2, 10, 23, 23, 11, '10-23'),
        (30, 0, 2, 48939, 82779, 3, 9, '32:05', 2, 10, 23, 23, 11, '10-23'),
        (31, 0, 2, 48939, 82779, 3, 9, '32:05', 2, 10, 23, 23, 11, '10-23'),
        (32, 0, 2, 48939, 82779, 3, 9, '32:05', 2, 10, 23, 23, 11, '10-23'),
        (33, 0, 2, 48939, 82779, 3, 9, '32:05', 2, 10, 23, 23, 11, '10-23'),
        (34, 0, 2, 48939, 82779, 3, 9, '32:05', 2, 10, 23, 23, 11, '10-23'),
        (35, 0, 2, 48939, 82779, 3, 9, '32:05', 2, 10, 23, 23, 11, '10-23'),
        (36, 0, 2, 48939, 82779, 3, 9, '32:05', 2, 10, 23, 23, 11, '10-23'),
        (37, 0, 2, 48939, 82779, 3, 9, '32:05', 2, 10, 23, 23, 11, '10-23'),
        */
        
        ;
        
-- Populate Champions table
INSERT INTO Champions (cid, champ_name, title)
VALUES 	(1, 'Aatrox', 'The Darkin Blade'),
        (2, 'Ahri', 'The Nine-Tailed Fox'),
        (3, 'Akali', 'The Fist of Shadow'),
        (4, 'Alistar', 'The Minotaur'),
        (5, 'Amumu', 'The Sad Mummy'),
        (6, 'Anivia', 'The Cryophoenix'),
        (7, 'Annie', 'The Dark Child'),
        (8, 'Ashe', 'The Frost Archer'),
        (9, 'Azir', 'The Emperor of the Sands'),
        (10, 'Bard', 'The Wandering Caretaker'),
        (11,'Blitzcrank', 'The Great Steam Golem'),
        (12, 'Brand', 'The Burning Vengeance'),
        (13, 'Braum', 'The Heart of Freljord'),
        (14, 'Caitlyn', 'The Sheriff of Piltover'),
        (15, 'Cassiopeia', 'THe Serpent\'s Embrace'),
        (16, 'Cho\'Gath', 'The Terror of the Void'),
        (17, 'Corki', 'The Daring Bombardier'),
        (18, 'Darius', 'The Hand of Noxus'),
        (19, 'Diana', 'Scorn of the Moon'),
        (20, 'Dr.Mundo', 'The Madman of Zaun'),
        (21, 'Draven', 'The Glorious Executioner'),
        (22, 'Elise', 'The Spider Queen'),
        (23, 'Evelyn', 'The Widowmaker'),
        (24, 'Ezreal', 'The Prodigal Explorer'),
        (25, 'Fiddlesticks', 'The Harbinger of Doom'),
        (26, 'Fiora', 'The Grand Duelist'),
        (27, 'Fizz', 'The Tidal Trickster'),
        (28, 'Galio', 'The Sentinel\'s Sorrow'),
        (29, 'Gangplank', 'THe Saltwater Scourge'),
        (30, 'Garen', 'The Might of Demacia'),
        (31, 'Gnar', 'The Missing Link'),
        (32, 'Gragas', 'The Rabble Rouser'),
        (33, 'Graves', 'The Outlaw'),
        (34, 'Hecarim', 'The Shadow of War'),
        (35, 'Heimerdinger', 'The Revered Inventor'),
        (36, 'Irelia', 'The Will of the Blade\'s'),
        (37, 'Janna', 'The Storm\'s Fury'),
        (38, 'Jarvan IV', 'The Exemplar of Demacia'),
        (39, 'Jax', 'Grandmaster at Arms'),
        (40, 'Jayce', 'The Defender of Tomorrow'),
        (41, 'Jinx', 'The Loose Cannon'),
        (42, 'Kalista', 'The Spear of Vengeance'),
        (43, 'Karma', 'The Enlightened One'),
        (44, 'Karthus', 'The Deathsinger'),
        (45, 'Kassadin', 'The Void Walker'),
        (46, 'Katarina', 'The Sinister Blade'),
        (47, 'Kayle', 'The Judicator'),
        (48, 'Kennen', 'The Heart of the Tempest'),
        (49, 'Kha\'Zix', 'The Voidreaver'),
        (50, 'Kog\'Maw', 'The Mouth of the Abyss'),
        (51, 'Leblanc', 'The Deceiver'),
        (52, 'Lee Sin', 'The Blind Monk'),
        (53, 'Leona', 'The Radiant Dawn'),
        (54, 'Lissandra', 'The Ice Witch'),
        (55, 'Lucian', 'The Purifier'),
        (56, 'Lulu', 'The Fae Sorceress'),
        (57, 'Lux', 'The Lady of Luminosity'),
        (58, 'Malphite', 'Shard of the Monolith'),
        (59, 'Malzahar', 'The Prophet of the Void'),
        (60, 'Maokai', 'The Twisted Treant'),
        (61, 'Master Yi', 'THe Wuju Bladesman'),
        (62, 'Miss Fortune', 'THe Bounty Hunter'),
        (63, 'Mordekaiser', 'The Master of Metal'),
        (64, 'Morgana', 'Fallen Angel'),
        (65, 'Nami', 'The Tidecaller'),
        (66, 'Nasus', 'The CUrator of the Sands'),
        (67, 'Nautilus', 'The Titan of the Depths'),
        (68, 'Nidalee', 'The Bestial Huntress'),
        (69, 'Nocturne', 'The Eternal Nightmare'),
        (70, 'Nunu', 'The Yeti Rider'),
        (71, 'Olaf', 'The Berserker'),
        (72, 'Orianna', 'THe Lady of Clockwork'),
        (73, 'Pantheon', 'The Artisan of War'),
        (74, 'Poppy', 'The Iron Ambassador'),
        (75, 'Quinn', 'Demacia\'s Wings'),
        (76, 'Rammus', 'The Armordillo'),
        (77, 'Rek\'Sai', 'The Void Burrower'),
        (78, 'Renekton', 'The Butcher ofthe Sands'),
        (79, 'Rengar', 'The Pridestalker'),
        (80, 'Riven', 'The Exile'),
        (81, 'Rumble', 'THe Mechanized Menace'),
        (82, 'Ryze', 'THe Rogue Mage'),
        (83, 'Sejuani', 'The Winter\'s Wrath'),
        (84, 'Shaco', 'The Demon Jester'),
        (85, 'Shen', 'Eye of Twilight'),
        (86, 'Shyvana', 'The Half-Dragon'),
        (87, 'Singed', 'The Mad Chemist'),
        (88, 'Sion', 'The Undead Juggernaut'),
        (89, 'Sivir', 'The Battle Mistress'),
        (90, 'Skarner', 'The Crystal Vanguard'),
        (91, 'Sona', 'Maven of the Strings'),
        (92, 'Soraka', 'THe Starchild'),
        (93, 'Swain', 'The Master Tactician'),
        (94, 'Syndra', 'The Dark Sovereign'),
        (95, 'Talon', 'The Blade\'s Shadow'),
        (96, 'Taric', 'The Gem Knight'),
        (97, 'Teemo', 'The Swift Scout'),
        (98, 'Thresh', 'The Chain Warden'),
        (99, 'Tristana', 'The Yordle Gunner'),
        (100, 'Trundle', 'The Troll King'),
        (101, 'Tryndamere', 'The Barbarian King'),
        (102, 'Twisted Fate', 'THe Card Master'),
        (103, 'Twitch', 'The Plague Rat'),
        (104, 'Udyr', 'The Spirit Walker'),
        (105, 'Urgot', 'The Headsman\'s Pride'),
        (106, 'Varus', 'The Arrow of Retrubution'),
        (107, 'Vayne', 'The Night Hunter'),
        (108, 'Veigar', 'The Tiny Master of Evil'),
        (109, 'Vel\'Koz', 'The Eye of the Void'),
        (110, 'Vi', 'The Piltover Enforcer'),
        (111, 'Viktor', 'The Machine Herald'),
        (112, 'Vladimir', 'The Crimson Reaper'),
        (113, 'Volibear', 'The Thunder\'s Roar'),
        (114, 'Warwick', 'The Blood Hunter'),
        (115, 'Wukong', 'The Monkey King'),
        (116, 'Xerath', 'The Magus Ascendant'),
        (117, 'Xin Zhou', 'The Seneschal of Demacia'),
        (118, 'Yasuo', 'The Unforgiven'),
        (119, 'Yorick', 'The Gravedigger'),
        (120, 'Zac', 'The Secret Weapon'),
        (121, 'Zed', 'The Master of Shadows'),
        (122,'Ziggs', 'The Hexplosives Expert'),
        (123,'Zilean', 'The Chronokeeper'),
        (124,'Zyra', 'Rise of the Thorns');
        
-- Populate Items table        
INSERT INTO Items (iid, item_name)
VALUES 	(1, 'Abyssal Scepter'),        
        (2, 'Aegis of the Legion'),
        (3, 'Aether Wisp'),
        (4, 'Amplifying Tome'),
        (5, 'Ancient Coin'),
        (6, 'Archangel\'s Staff'),
        (7, 'Ardent Censer'),
        (8, 'Athene\'s Unholy Glass'),
        (9, 'Avarice Blade'),
        (10, 'B.F. Sword'),
        (11, 'Bami\'s Cinder'),
        (12, 'Banner of Command'),
        (13, 'Banshee\'s Veil'),
        (14, 'Berserker\'s Greaves'),
        (15, 'Bilgewater Cutlass'),
        (16, 'Blade of the Ruined King'),
        (17, 'Blasting Wand'),
        (18, 'Bonetooth Necklace'),
        (19, 'Boots of Mobility'),
        (20, 'Boots of Speed'),
        (21, 'Boots of Swiftness'),
        (22, 'Brawler\'s Gloves'),
        (23, 'Catalyst the Protector'),
        (24, 'Chain Vest'),
        (25, 'Chalice of Harmony'),
        (26, 'Cloak of Agility'),
        (27, 'Cloth Armor'),
        (28, 'Crystalline Bracer'),
        (29, 'Crstalline Flask'),
        (30, 'Dagger'),
        (31, 'Doran\'s Blade'),
        (32, 'Doran\'s Ring'),
        (33, 'Doran\'s Shield'),
        (34, 'Elixer of Iron'),
        (35, 'Elixir of Ruin'),
        (36, 'Elixir of Sorcery'),
        (37, 'Elixir of Wrath'),
        (38, 'Essence Reaver'),
        (39, 'Face of the Mountain'),
        (40, 'Faearie Charm'),
        (41, 'Farsight Orb'),
        (42, 'Fiendish Codex'),
        (43, 'Forbidden Idol'),
        (44, 'Frost Queen\'s Claim'),
        (45, 'Frostfang'),
        (46, 'Frozen Heart'),
        (47, 'Frozen Mallet'),
        (48, 'Giant\'s Belt'),
        (49, 'Glacial Shroud'),
        (50, 'Greater Stealth Totem'),
        (51, 'Greater Vision Totem'),
        (52, 'Guardian Angel'),
        (53, 'Guinsoo\'s Rageblade'),
        (54, 'Haunting Guise'),
        (55, 'Health Potion'),
        (56, 'Hexdrinker'),
        (57, 'Hextech Gunblade'),
        (58, 'Hextech Revolver'),
        (59, 'Hunter\'s Machete'),
        (60, 'Iceborn Guantlet'),
        (61, 'Infinity Edge'),
        (62, 'Ionian Boots of Lucidity'),
        (63, 'Kindlegem'),
        (64, 'Last Whisper'),
        (65, 'Liandry\'s Torment'),
        (66, 'Lich Bane'),
        (67, 'Locket of Iron Solari'),
        (68, 'Long Sword'),
        (69, 'Luden\'s Echo'),
        (70, 'Mana Potion'),
        (71, 'Manamune'),
        (72, 'Maw of Malmortius'),
        (73, 'Mejai\'s Soulstealer'),
        (74, 'Mercurial Scimitar'),
        (75, 'Mercury\'s Treads'),
        (76, 'Mikaels\'s Crucible'),
        (77, 'Morellonomicon'),
        (78, 'Muramana'),
        (79, 'Nashor\'s Tooth'),
        (80, 'Needlessly Large Rod'),
        (81, 'Negatron Cloak'),
        (82, 'Ninja Tabi'),
        (83, 'Nomad\'s Medallion'),
        (84, 'Null-Magic Mantle'),
        (85, 'Ohmwrecker'),
        (86, 'Oracles\'s Lens'),
		(87, 'Perfect Hex Core'),
        (88, 'Phage'),
        (89, 'Phantom Dancer'),
        (90, 'Pickaxe'),
        (91, 'Poacher\'s Knife'),
        (92, 'Prototype Hex Core'),
        (93, 'Quicksilver Sash'),
        (94, 'Rabadon\'s Deathcap'),
        (95, 'Randuin\'s Omen'),
        (96, 'Ranger\'s Trailblazer'),
        (97, 'Raptor Cloak'),
        (98, 'Ravenous Hydra'),
        (99, 'Recurve Bow'),
        (100, 'Rejuvenation Bead'),
        (101, 'Relic Shield'),
        (102, 'Righteous Glory'),
        (103, 'Rod of Ages'),
        (104, 'Ruby Crystal'),
        (105, 'Ruby Sightstone'),
        (106, 'Runaan\'s Hurricane'),
        (107, 'Rylai\'s Crystal Scepter'),
        (108, 'Sapphire Crystal'),
        (109, 'Scrying Orb'),
        (110, 'Seeker\'s Armguard'),
        (111, 'Seraph\'s Embrace'),
        (112, 'Sheen'),
        (113, 'Sightstone'),
        (114, 'Skirmisher\'s Sabre'),
        (115, 'Sorceror\'s Shoes'),
        (116, 'Spectre\'s Cowl'),
        (117, 'Spellthief\'s Edge'),
        (118, 'Spirit Visage'),
        (119, 'Stalker\'s Blade'),
        (120, 'Statikk Shiv'),
        (121, 'Stealth Ward'),
        (122, 'Stinger'),
        (123, 'Sunfire'),
        (124, 'Sweeping Lens'),
        (125, 'Sword of the Occult'),
        (126, 'Talisman of Ascension'),
        (127, 'Targon\'s Brace'),
        (128, 'Tear of the Goddess'),
        (129, 'The Black Cleaver'),
        (130, 'The Black Spear'),
        (131, 'The Bloodthirster'),
        (132, 'The Brutilizer'),
        (133, 'The Hex Core mk-1'),
        (134, 'The Hex Core mk-2'),
        (135, 'Thornmail'),
        (136, 'Tiamat'),
        (137, 'Trinity Force'),
        (138, 'Twin Shadows'),
        (139, 'Vampire Scepter'),
        (140, 'Vision Ward'),
        (141, 'Void Staff'),
        (142, 'Warden\'s Mail'),
        (143, 'Warding Totem'),
        (144, 'Warmog\'s Armor'),
        (145, 'Will of the Ancient'),
        (146, 'Wit\'s End'),
        (147, 'Youmuu\'s Ghostblade'),
        (148, 'Zeal'),
        (149, 'Zeke\'s Herald'),
        (150, 'Zephyr'),
        (151, 'Zhonya\'s Hourglass'),
        (152, 'Zz\'Rot Portal');
        
-- Populate teams table         
INSERT INTO Teams (teamid, team_name, member_1, member_2, member_3, member_4, member_5)
VALUES (1, 'Team Coast', 'Johnny', 'Harry', 'Ashley', 'Phil', 'Mary'),
	   (2, 'Team Liquid','Biily', 'Ron', 'Michelle', 'Dan', 'Jamie'),
       (3, 'Couter Logic Gaming','Kate', 'Gregory', 'Jimmy', 'Doug', 'Kelly'),
       (4, 'Fnatic','Anthony', 'Cristina', 'Richard', 'Dennis', 'Lupe'),
       (5, 'SK Gaming','Jerry', 'Vivian', 'Bart', 'Joe', 'Jacob'),
       (6, 'Cloud 9','Marco', 'Austin', 'Farrah', 'Derrick', 'Jess');
       

